{
    "0": {
        "actions": [
            [
                2,
                3
            ],
            [
                2,
                0,
                0,
                2,
                3,
                2
            ],
            [
                3,
                2
            ],
            [
                3,
                3
            ],
            [
                3,
                1,
                3,
                2
            ],
            [
                3,
                0
            ],
            [
                0,
                3
            ],
            [
                0,
                2,
                3,
                2
            ],
            [
                0,
                2,
                3,
                3
            ],
            [
                0,
                2
            ],
            [
                3,
                1
            ],
            [
                3,
                1,
                3
            ]
        ],
        "states": [
            [
                7,
                8,
                5
            ],
            [
                7,
                8,
                7,
                6,
                7,
                4,
                5
            ],
            [
                7,
                4,
                5
            ],
            [
                7,
                4,
                1
            ],
            [
                7,
                4,
                7,
                4,
                5
            ],
            [
                7,
                4,
                3
            ],
            [
                7,
                6,
                3
            ],
            [
                7,
                6,
                7,
                4,
                5
            ],
            [
                7,
                6,
                7,
                4,
                1
            ],
            [
                7,
                6,
                7
            ],
            [
                7,
                4,
                7
            ],
            [
                7,
                4,
                7,
                4
            ]
        ],
        "rewards": [
            1.0,
            1.0,
            1.0,
            0.0,
            1.0,
            0.0,
            0.0,
            1.0,
            0.0,
            0.0,
            0.0,
            0.0
        ],
        "data_id": [
            0,
            1,
            2,
            3,
            4,
            5,
            6,
            7,
            8,
            9,
            10,
            11
        ],
        "env_desc": "FHFHFGFSF",
        "exec_states": [
            "success",
            "success",
            "success",
            "terminated",
            "success",
            "terminated",
            "terminated",
            "success",
            "terminated",
            "truncated",
            "truncated",
            "truncated"
        ],
        "additional_actions": [
            [],
            [],
            [],
            [],
            [],
            [],
            [
                2,
                2,
                2
            ],
            [],
            [],
            [],
            [],
            []
        ]
    }
}